species,variable,domain,std_shift,ci_low,ci_high,sig
Procambarus clarkii,l_CLI12,Climate,0.37171717171717167,0.2971887550200804,0.44760325024437925,True
Procambarus clarkii,l_CLI14,Climate,-0.9883182719858944,-1.0601316915888601,-0.9269474514696707,True
Procambarus clarkii,l_CLI16,Climate,0.21125265392781312,0.15033547802442984,0.2725616365455218,True
Procambarus clarkii,l_CLI18,Climate,-2.1739130434782634,-2.3636363636363678,-2.0833333333333344,True
Procambarus clarkii,l_CLI2,Climate,-2.7857142857142887,-3.1538461538461533,-2.6666666666666665,True
Procambarus clarkii,l_CLI20,Climate,0.8092783505154638,0.754242614707731,0.873972602739726,True
Procambarus clarkii,l_CLI21,Climate,-0.9062500000000003,-1.0689655172413792,-0.8181818181818181,True
Procambarus clarkii,l_CLI24,Climate,0.888307858760455,0.64552098637564,1.314230930454566,True
Procambarus clarkii,l_CLI26,Climate,-0.948717948717948,-1.026333570412518,-0.8500000000000005,True
Procambarus clarkii,l_CLI28,Climate,0.633177570093458,0.5831890889809231,0.6815923331455928,True
Procambarus clarkii,l_CLI30,Climate,-2.130434782608695,-2.333333333333334,-1.9411764705882357,True
Procambarus clarkii,l_CLI32,Climate,0.4170008019246191,0.0,0.5840067415730338,False
Procambarus clarkii,l_CLI33,Climate,0.3272727272727274,0.28571428571428564,0.362745098039216,True
Procambarus clarkii,l_CLI36,Climate,0.043588370669057665,0.0,1.4862564818508175,False
Procambarus clarkii,l_CLI38,Climate,-4.166666666666657,-4.249999999999991,-3.7692307692307687,True
Procambarus clarkii,l_CLI4,Climate,0.0,0.0,0.0,False
Procambarus clarkii,l_CLI40,Climate,0.45763939174511226,0.22881348919002795,0.5785623839012445,True
Procambarus clarkii,l_CLI41,Climate,-1.0,-1.2,-0.8709677419354838,True
Procambarus clarkii,l_CLI44,Climate,0.0,0.0,0.0,False
Procambarus clarkii,l_CLI46,Climate,-0.6479133265316034,-0.7747860086806486,-0.5682888628826163,True
Procambarus clarkii,l_CLI48,Climate,0.10233021466101534,0.060904955629703425,0.1369908446893182,True
Procambarus clarkii,l_CLI49,Climate,-0.7894397939471998,-0.8604880595067209,-0.7086637932578475,True
Procambarus clarkii,l_CLI56,Climate,-0.17551963048498848,-0.2238785616715246,-0.14029995884265345,True
Procambarus clarkii,l_CLI57,Climate,1.6651376146788994,1.5272605519480518,1.8207547169811316,True
Procambarus clarkii,l_CLI6,Climate,-0.7000000000000011,-0.9000000000000004,-0.6363636363636365,True
Procambarus clarkii,l_CLI60,Climate,0.5219810795770728,0.3611956426333031,0.8382022471910112,True
Procambarus clarkii,l_CLI64,Climate,0.22523980815347724,0.1734235633374173,0.2746222640822866,True
Procambarus clarkii,l_CLI66,Climate,-1.0668583752695904,-1.2183151952985096,-0.9416659693749475,True
Procambarus clarkii,l_CLI70,Climate,-0.8117168429617575,-0.8663292234479777,-0.737687100438256,True
Procambarus clarkii,l_CLI72,Climate,-0.2341698178068064,-0.27753530307095825,-0.19917842198320615,True
Procambarus clarkii,l_CLI75,Climate,-0.17081465946685886,-0.24137442137305157,-0.037880637561271996,True
Procambarus clarkii,l_CLI76,Climate,0.26318185957563067,0.20963097787422116,0.31233621782882637,True
Procambarus clarkii,l_CLI8,Climate,0.0,0.0,0.0,False
Procambarus clarkii,l_CLI9,Climate,0.024390243902439362,0.0,0.07317073170731636,False
Procambarus clarkii,l_TOP10,Topography,0.8333333333333334,0.42857142857142855,0.8333333333333334,True
Procambarus clarkii,l_TOP101,Topography,-0.25,-0.3333333333333333,-0.25,True
Procambarus clarkii,l_TOP102,Topography,-2.5,-5.0,-2.5,True
Procambarus clarkii,l_TOP103,Topography,-0.37333600000000045,-0.4359327443641054,-0.3150007875019691,True
Procambarus clarkii,l_TOP104,Topography,0.19258678741437388,0.11441711937476919,0.2603327368981144,True
Procambarus clarkii,l_TOP105,Topography,0.0,0.0,0.0,False
Procambarus clarkii,l_TOP106,Topography,0.3333333333333333,0.3333333333333333,0.3333333333333333,True
Procambarus clarkii,l_TOP107,Topography,-0.5,-0.5,-0.5,True
Procambarus clarkii,l_TOP108,Topography,0.047619047619047616,0.01723952937694243,0.07894736842105263,True
Procambarus clarkii,l_TOP109,Topography,-0.6204656199242015,-0.6681405913282309,-0.5698560828189044,True
Procambarus clarkii,l_TOP111,Topography,0.00603500890895633,-0.05542758666941612,0.08257557992491855,False
Procambarus clarkii,l_TOP112,Topography,-0.057909604519773866,-0.09603628636809415,-0.010745682225625405,True
Procambarus clarkii,l_TOP116,Topography,-0.0022456140350876714,-0.04773541627607268,0.03247650260128269,False
Procambarus clarkii,l_TOP118,Topography,0.1,0.09090909090909091,0.11111111111111112,True
Procambarus clarkii,l_TOP119,Topography,0.298076923076923,0.23636363636363641,0.35356987137562657,True
Procambarus clarkii,l_TOP124,Topography,0.05303983789911535,0.026854452346812392,0.1096294290890357,True
Procambarus clarkii,l_TOP125,Topography,0.06998714045133743,0.04369221259555077,0.0986592555034333,True
Procambarus clarkii,l_TOP126,Topography,0.07360498718753071,0.045788045876031185,0.10730727493023193,True
Procambarus clarkii,l_TOP127,Topography,0.04064914261519568,0.02263187058099491,0.06563662081774074,True
Procambarus clarkii,l_TOP128,Topography,-0.017503853142607453,-0.04560962404632289,-0.00400080319975804,True
Procambarus clarkii,l_TOP129,Topography,0.04282241667844944,0.024132382785497872,0.063200381981847,True
Procambarus clarkii,l_TOP130,Topography,0.04451796253641893,0.022469995431376868,0.07362233943201778,True
Procambarus clarkii,l_TOP131,Topography,0.0238970550170383,0.010695671259451138,0.04240885720010236,True
Procambarus clarkii,l_TOP132,Topography,0.05243505658068536,0.031098120280133673,0.08135049132994308,True
Procambarus clarkii,l_TOP133,Topography,0.0,0.0,0.0,False
Procambarus clarkii,l_TOP134,Topography,0.10759115361625822,0.0732415313296455,0.15899026867707597,True
Procambarus clarkii,l_TOP135,Topography,0.10469805505138916,0.06741070000075189,0.15355062761183724,True
Procambarus clarkii,l_TOP136,Topography,0.08953982478780659,0.061478267523489095,0.14136229040335566,True
Procambarus clarkii,l_TOP137,Topography,0.3333333333333333,0.3333333333333333,0.3333333333333333,True
Procambarus clarkii,l_TOP138,Topography,0.7022900763358778,0.5852640408125748,0.8597413511592615,True
Procambarus clarkii,l_TOP139,Topography,0.7827173720783323,0.649870430228671,0.9193680923467403,True
Procambarus clarkii,l_TOP14,Topography,0.7017393070900595,0.6271087468643166,0.80044251959139,True
Procambarus clarkii,l_TOP140,Topography,0.6803829087255947,0.5480286250745163,0.8339684292867373,True
Procambarus clarkii,l_TOP141,Topography,-0.6359940313095037,-0.6993559990492969,-0.5846090256520353,True
Procambarus clarkii,l_TOP142,Topography,0.09851502945499553,0.05455071169115236,0.14818396850784812,True
Procambarus clarkii,l_TOP143,Topography,-0.2599472628136383,-0.30266861193902317,-0.21883904598339882,True
Procambarus clarkii,l_TOP144,Topography,0.12511563668276499,0.08173447258012953,0.18026558287358665,True
Procambarus clarkii,l_TOP15,Topography,0.6410739496471632,0.5649763977204753,0.7206899979087594,True
Procambarus clarkii,l_TOP16,Topography,0.6881830074655158,0.614461028954455,0.7673498274894155,True
Procambarus clarkii,l_TOP17,Topography,0.0,0.0,0.0,False
Procambarus clarkii,l_TOP18,Topography,0.0,-0.021505376344086023,0.043010752688172046,False
Procambarus clarkii,l_TOP19,Topography,0.17236705732280963,0.13950781857223782,0.21355020403998737,True
Procambarus clarkii,l_TOP2,Topography,0.6375470514429109,0.5733428200691199,0.7234064893729392,True
Procambarus clarkii,l_TOP20,Topography,0.10797840224350931,0.060354210530357,0.16179219669787456,True
Procambarus clarkii,l_TOP21,Topography,0.0,0.0,0.0,False
Procambarus clarkii,l_TOP22,Topography,0.10738212814141478,0.06807288190775927,0.1443434596694548,True
Procambarus clarkii,l_TOP23,Topography,0.0913016753433933,0.052241470299294504,0.1465653492148636,True
Procambarus clarkii,l_TOP24,Topography,0.09701114070196655,0.058899966988790124,0.14881162527110908,True
Procambarus clarkii,l_TOP27,Topography,0.034729901559308406,-0.008606026701171634,0.08265006366477982,False
Procambarus clarkii,l_TOP28,Topography,0.06841486921588907,0.029226010505276203,0.10654840941182192,True
Procambarus clarkii,l_TOP3,Topography,-0.5163409648024335,-0.588928943106964,-0.4531529289053712,True
Procambarus clarkii,l_TOP32,Topography,0.02787591605360041,-0.016230131400386306,0.07036117560816649,False
Procambarus clarkii,l_TOP38,Topography,0.1279317697228145,0.03361344537815126,0.15254237288135594,True
Procambarus clarkii,l_TOP39,Topography,-0.0368326979805954,-0.08796571108895021,0.01599732061119966,False
Procambarus clarkii,l_TOP4,Topography,0.6908173057186229,0.614603760354689,0.7624597299736248,True
Procambarus clarkii,l_TOP40,Topography,-0.01487908005730731,-0.05873833136231344,0.038637781177987815,False
Procambarus clarkii,l_TOP41,Topography,0.0,0.0,0.0,False
Procambarus clarkii,l_TOP42,Topography,0.5714285714285714,0.5714285714285714,0.7142857142857143,True
Procambarus clarkii,l_TOP43,Topography,0.6193488837182469,0.537548125320198,0.7158564753512558,True
Procambarus clarkii,l_TOP44,Topography,0.6509663927110946,0.5786632541964205,0.7308946571486739,True
Procambarus clarkii,l_TOP45,Topography,0.0,0.0,0.0,False
Procambarus clarkii,l_TOP47,Topography,0.9513532526427527,0.8012118411642783,1.0926849158325311,True
Procambarus clarkii,l_TOP48,Topography,0.9083150398630265,0.7723374793905904,1.0724541984399185,True
Procambarus clarkii,l_TOP49,Topography,0.0,0.0,0.0,False
Procambarus clarkii,l_TOP5,Topography,-0.7041830160935227,-0.79271838099086,-0.6160221767961127,True
Procambarus clarkii,l_TOP51,Topography,0.5440507962577354,0.4700401182506201,0.6312075430915328,True
Procambarus clarkii,l_TOP52,Topography,0.7052709338200148,0.6193506165433821,0.795918712900167,True
Procambarus clarkii,l_TOP53,Topography,-0.02247191011235955,-0.0721346438450631,0.011237143626883878,False
Procambarus clarkii,l_TOP59,Topography,0.5353666108029363,0.4607492935749487,0.6214453121558865,True
Procambarus clarkii,l_TOP6,Topography,0.6212298287409538,0.5461142905397225,0.7040529836981883,True
Procambarus clarkii,l_TOP60,Topography,0.7162197846116514,0.6195430550687067,0.8057345329734514,True
Procambarus clarkii,l_TOP63,Topography,0.2942492148564777,0.23578418837944107,0.3606595387546937,True
Procambarus clarkii,l_TOP64,Topography,0.2902286654883352,0.22794436805739945,0.3467933653640578,True
Procambarus clarkii,l_TOP65,Topography,0.0,0.0,0.0,False
Procambarus clarkii,l_TOP66,Topography,0.32884135728256386,0.26396810622255884,0.39175721690264587,True
Procambarus clarkii,l_TOP67,Topography,0.2951374362486309,0.23996490964391626,0.3834556515345687,True
Procambarus clarkii,l_TOP68,Topography,0.31183228252366435,0.24529179187291109,0.3848180694135106,True
Procambarus clarkii,l_TOP69,Topography,0.0,0.0,0.0,False
Procambarus clarkii,l_TOP71,Topography,0.30920455279769343,0.2469041127658248,0.376358914139607,True
Procambarus clarkii,l_TOP73,Topography,0.0,0.0,0.0,False
Procambarus clarkii,l_TOP74,Topography,0.3026925210615268,0.24511624135385263,0.3781985566007378,True
Procambarus clarkii,l_TOP75,Topography,0.2971487688168623,0.22899851173456787,0.37246453094529314,True
Procambarus clarkii,l_TOP76,Topography,0.30406771530105753,0.24980001416439415,0.3665147928279151,True
Procambarus clarkii,l_TOP79,Topography,0.22727272727272727,0.16666666666666669,0.2988627187175062,True
Procambarus clarkii,l_TOP83,Topography,0.22727272727272727,0.152748,0.25,True
Procambarus clarkii,l_TOP89,Topography,0.0,0.0,0.0,False
Procambarus clarkii,l_TOP9,Topography,0.0,0.0,0.0,False
Procambarus clarkii,l_TOP90,Topography,0.3333333333333333,0.3333333333333333,0.3333333333333333,True
Procambarus clarkii,l_TOP91,Topography,0.33504999999999996,0.2321451886669278,0.41669999999999996,True
Procambarus clarkii,l_TOP92,Topography,0.11083894672382116,0.067,0.2326630230596024,True
Procambarus clarkii,l_TOP93,Topography,-0.26666666666666666,-0.36666666666666664,-0.2,True
Procambarus clarkii,l_TOP97,Topography,-0.26666666666666666,-0.3,-0.26666666666666666,True
Faxonius limosus,l_CLI12,Climate,0.08787878787878786,-0.0060516664374455935,0.2496225465525919,False
Faxonius limosus,l_CLI13,Climate,-6.747630331753547,-7.3275478438910335,-6.256502414104222,True
Faxonius limosus,l_CLI16,Climate,-0.14088436323057602,-0.2331669818559805,-0.0828626356790364,True
Faxonius limosus,l_CLI19,Climate,-3.001468682505401,-3.6168183782209247,-2.6159042186145327,True
Faxonius limosus,l_CLI2,Climate,-0.4545454545454547,-0.7111904761904766,-0.2637362637362635,True
Faxonius limosus,l_CLI20,Climate,-0.43223443223443225,-0.726,-0.2788949522626612,True
Faxonius limosus,l_CLI22,Climate,1.4594594594594594,1.2162162162162162,1.6388888888888888,True
Faxonius limosus,l_CLI24,Climate,0.0,0.0,0.0,False
Faxonius limosus,l_CLI25,Climate,-5.690140845070405,-6.3749999999999964,-5.100000000000001,True
Faxonius limosus,l_CLI28,Climate,-0.6317907444668007,-0.7239999999999999,-0.5198225364449596,True
Faxonius limosus,l_CLI30,Climate,-4.500000000000003,-5.076923076923081,-3.818181818181822,True
Faxonius limosus,l_CLI32,Climate,-0.5516966067864271,-0.691,-0.4476173214139261,True
Faxonius limosus,l_CLI33,Climate,2.75,2.523809523809524,3.105263157894737,True
Faxonius limosus,l_CLI36,Climate,0.0,0.0,0.0,False
Faxonius limosus,l_CLI4,Climate,-0.5002511300853842,-0.6560100307963045,-0.24792429428136686,True
Faxonius limosus,l_CLI40,Climate,-0.5781584582441114,-0.7130006611165524,-0.43894461433910986,True
Faxonius limosus,l_CLI42,Climate,1.0689655172413794,0.8593191964285715,1.2321428571428572,True
Faxonius limosus,l_CLI44,Climate,0.0,0.0,0.0,False
Faxonius limosus,l_CLI45,Climate,-3.46146527117031,-4.163887602386838,-2.929336701273881,True
Faxonius limosus,l_CLI49,Climate,-2.9166666666666674,-3.3421547821165816,-2.417936197916665,True
Faxonius limosus,l_CLI5,Climate,-3.9999999999999956,-4.249999999999995,-3.1999999999999993,True
Faxonius limosus,l_CLI52,Climate,-0.1704677875811553,-0.26976316042812737,-0.1028773773487555,True
Faxonius limosus,l_CLI56,Climate,-0.2180726908969656,-0.2866026851879448,-0.1658585563400262,True
Faxonius limosus,l_CLI57,Climate,1.923076923076922,1.4626273394930127,2.36363636363636,True
Faxonius limosus,l_CLI60,Climate,0.0,0.0,0.6107107180872836,False
Faxonius limosus,l_CLI61,Climate,-3.311053984575835,-3.780589873515638,-2.9721272490689628,True
Faxonius limosus,l_CLI65,Climate,-3.142587346553357,-3.6373984710941274,-2.663462673813406,True
Faxonius limosus,l_CLI69,Climate,-3.369924812030081,-3.7448701567694926,-2.918292967334004,True
Faxonius limosus,l_CLI72,Climate,-0.26342929067359616,-0.3377798186348806,-0.173584046041785,True
Faxonius limosus,l_CLI73,Climate,-1.8848063555114187,-2.249718208092486,-1.6459583050723794,True
Faxonius limosus,l_CLI76,Climate,-0.18548512692726993,-0.24465664769229628,-0.10893680207053276,True
Faxonius limosus,l_CLI8,Climate,0.0,0.0,0.0,False
Faxonius limosus,l_CLI9,Climate,3.4666666666666663,3.187500000000003,4.000000000000008,True
Faxonius limosus,l_TOP1,Topography,0.32308289275840324,0.23667135131102124,0.41148045741727196,True
Faxonius limosus,l_TOP10,Topography,-0.4666666666666667,-0.5384615384615384,-0.3684210526315789,True
Faxonius limosus,l_TOP101,Topography,-0.34782608695652173,-0.3695652173913043,-0.30434782608695654,True
Faxonius limosus,l_TOP102,Topography,-5.0,-5.0,-5.0,True
Faxonius limosus,l_TOP103,Topography,-0.41046418599570117,-0.5385,-0.2555535110678773,True
Faxonius limosus,l_TOP104,Topography,0.17623900587569807,0.05615131581992086,0.31088353220656967,True
Faxonius limosus,l_TOP105,Topography,-0.25,-0.3333333333333333,0.0,False
Faxonius limosus,l_TOP106,Topography,0.0,0.0,0.0,False
Faxonius limosus,l_TOP107,Topography,0.0,0.0,2.0,False
Faxonius limosus,l_TOP108,Topography,-0.06737247353224254,-0.14026286213786213,-0.0019461077844314099,True
Faxonius limosus,l_TOP111,Topography,0.16640574519851803,0.05344673215042672,0.288210886271231,True
Faxonius limosus,l_TOP112,Topography,0.06028102542100134,0.011076609096934186,0.21931141845583374,True
Faxonius limosus,l_TOP113,Topography,-0.06105587315505982,-0.19104144821550104,0.01928662389397291,False
Faxonius limosus,l_TOP118,Topography,0.0,-0.05882352941176471,0.0,False
Faxonius limosus,l_TOP119,Topography,-0.1474201474201474,-0.20388687144550655,-0.0644041925557146,True
Faxonius limosus,l_TOP12,Topography,-0.47223729966060846,-0.5594517746298985,-0.38080294652039365,True
Faxonius limosus,l_TOP124,Topography,-0.13532315826612254,-0.20421756877028732,-0.09528994256157243,True
Faxonius limosus,l_TOP125,Topography,-0.027623773444678507,-0.09348594929143128,-0.001625966224218994,True
Faxonius limosus,l_TOP126,Topography,-0.08378820524645407,-0.13636565072795087,-0.021935088010415226,True
Faxonius limosus,l_TOP127,Topography,-0.01921458128602423,-0.07206709123743095,0.026111423096133637,False
Faxonius limosus,l_TOP13,Topography,0.0,0.0,0.0,False
Faxonius limosus,l_TOP132,Topography,-0.0727567829551628,-0.14135167205337415,0.004067309376145631,False
Faxonius limosus,l_TOP133,Topography,0.0,0.0,0.0,False
Faxonius limosus,l_TOP134,Topography,-0.06752287933553795,-0.11548450423506214,-0.012572968154114196,True
Faxonius limosus,l_TOP135,Topography,-0.07333979280948587,-0.13596292121713902,-0.023701607309293094,True
Faxonius limosus,l_TOP136,Topography,-0.06889116916608777,-0.12079276124978272,-0.024391265351388275,True
Faxonius limosus,l_TOP137,Topography,-0.3076923076923077,-0.4,-0.21428571428571427,True
Faxonius limosus,l_TOP138,Topography,-0.1463981409759876,-0.23236379076988403,-0.0589147785816992,True
Faxonius limosus,l_TOP139,Topography,-0.2987123008257344,-0.4020839507653545,-0.21703228245064765,True
Faxonius limosus,l_TOP14,Topography,-0.29586183447337894,-0.38485630518627667,-0.2096082526821688,True
Faxonius limosus,l_TOP140,Topography,-0.17576341745247637,-0.3014178924030174,-0.09741744042535487,True
Faxonius limosus,l_TOP141,Topography,0.4145238628652294,0.3277252695254847,0.5687275018574989,True
Faxonius limosus,l_TOP142,Topography,-0.042059994742048655,-0.13557577698014675,0.0387758306632518,False
Faxonius limosus,l_TOP143,Topography,0.08435360009536895,-0.018718356563885843,0.19111306348421833,False
Faxonius limosus,l_TOP144,Topography,-0.11406461066351434,-0.22832743590715585,-0.027826649420614337,True
Faxonius limosus,l_TOP15,Topography,-0.4259212742812928,-0.5262396029449272,-0.33583167870966607,True
Faxonius limosus,l_TOP16,Topography,-0.38470720346000703,-0.4630078685543498,-0.3089295047619733,True
Faxonius limosus,l_TOP17,Topography,0.0,0.0,0.0,False
Faxonius limosus,l_TOP18,Topography,0.1079913606911447,-0.0646900269541779,0.13157894736842105,False
Faxonius limosus,l_TOP19,Topography,-0.0919633446417437,-0.18254821039494473,-0.02959686853128992,True
Faxonius limosus,l_TOP2,Topography,-0.3705265267425638,-0.4539667253493659,-0.2737078882620321,True
Faxonius limosus,l_TOP20,Topography,-0.1585744724240014,-0.22337858268194857,-0.07655809302805372,True
Faxonius limosus,l_TOP21,Topography,0.0,0.0,0.0,False
Faxonius limosus,l_TOP23,Topography,-0.09645834897480934,-0.17392261157233102,0.01257925290741219,False
Faxonius limosus,l_TOP26,Topography,0.20447284345047922,0.10391040646946159,0.2473159009449332,True
Faxonius limosus,l_TOP27,Topography,0.15140913775334935,0.04642737719695416,0.23966078538084992,True
Faxonius limosus,l_TOP28,Topography,0.11802523450010399,0.04545679006432914,0.18535129596448108,True
Faxonius limosus,l_TOP29,Topography,1.731566296872998,1.5222955349572214,2.0479490326840954,True
Faxonius limosus,l_TOP32,Topography,0.1026773539563982,0.013805566415775171,0.22197099968023778,True
Faxonius limosus,l_TOP38,Topography,0.21749408983451538,0.18695231256808953,0.2696629213483146,True
Faxonius limosus,l_TOP39,Topography,0.03996047286326566,-0.042319032211367034,0.17027631567647644,False
Faxonius limosus,l_TOP4,Topography,-0.458887738945765,-0.5436990433331905,-0.3476617459200719,True
Faxonius limosus,l_TOP40,Topography,0.058137276895562,-0.06080600956849388,0.14471977901872463,False
Faxonius limosus,l_TOP41,Topography,0.0,0.0,0.0,False
Faxonius limosus,l_TOP42,Topography,-0.37333333333333335,-0.5,-0.3218390804597701,True
Faxonius limosus,l_TOP43,Topography,-0.4432484510224083,-0.5150437643486274,-0.3414801898059658,True
Faxonius limosus,l_TOP44,Topography,-0.47302245212047805,-0.5608468050327083,-0.36318955027907496,True
Faxonius limosus,l_TOP45,Topography,0.0,0.0,0.0,False
Faxonius limosus,l_TOP47,Topography,-0.21074636258542023,-0.30703116265347585,-0.12468562459069298,True
Faxonius limosus,l_TOP48,Topography,-0.17010580184643287,-0.2516241144190698,-0.07371369803925483,True
Faxonius limosus,l_TOP49,Topography,0.0,0.0,0.0,False
Faxonius limosus,l_TOP51,Topography,-0.3438347291247501,-0.438020662124286,-0.26222220283902964,True
Faxonius limosus,l_TOP52,Topography,-0.3726114259832784,-0.4500761542651792,-0.29724958087865877,True
Faxonius limosus,l_TOP53,Topography,0.28007889546351084,0.16173498651675774,0.39644583607998213,True
Faxonius limosus,l_TOP59,Topography,-0.34545386612199297,-0.4425067552509069,-0.25023449750197413,True
Faxonius limosus,l_TOP6,Topography,-0.1496213484314149,-0.2438043688249493,-0.0806560766776457,True
Faxonius limosus,l_TOP60,Topography,-0.32748213845774815,-0.44519535621499007,-0.2665748496203029,True
Faxonius limosus,l_TOP65,Topography,0.0,0.0,0.0,False
Faxonius limosus,l_TOP66,Topography,-0.12184120238945297,-0.17777534282649415,-0.06990989771725256,True
Faxonius limosus,l_TOP67,Topography,-0.09685958040471412,-0.1615732689987601,-0.02238929263573469,True
Faxonius limosus,l_TOP68,Topography,-0.1640809135650793,-0.22196468270928146,-0.07297387096022548,True
Faxonius limosus,l_TOP69,Topography,0.0,0.0,0.0,False
Faxonius limosus,l_TOP7,Topography,0.49559519755893733,0.40561825171505844,0.6401330939393071,True
Faxonius limosus,l_TOP70,Topography,-0.11369973546324573,-0.16925109095189664,-0.02388784809320814,True
Faxonius limosus,l_TOP73,Topography,0.0,0.0,0.0,False
Faxonius limosus,l_TOP74,Topography,-0.11676553231345614,-0.2012954370343796,-0.029522932281408603,True
Faxonius limosus,l_TOP75,Topography,-0.15641785262998667,-0.2099081933213609,-0.06790311857787468,True
Faxonius limosus,l_TOP76,Topography,-0.12223650042866523,-0.2063136325667271,-0.012277473823990871,True
Faxonius limosus,l_TOP78,Topography,0.0,-0.14285714285714285,0.0,False
Faxonius limosus,l_TOP79,Topography,-0.029090909090909084,-0.11803135977298078,0.07788708333333333,False
Faxonius limosus,l_TOP83,Topography,-0.09139401724799674,-0.14584375000000002,0.027767083333333328,False
Faxonius limosus,l_TOP85,Topography,0.0,0.0,0.0,False
Faxonius limosus,l_TOP89,Topography,0.0,0.0,0.0,False
Faxonius limosus,l_TOP9,Topography,0.0,0.0,0.0,False
Faxonius limosus,l_TOP90,Topography,-0.2,-0.25,0.0,False
Faxonius limosus,l_TOP91,Topography,-0.15,-0.20950927323446084,-0.07500000000000001,True
Faxonius limosus,l_TOP92,Topography,-0.07735872935518574,-0.212372979058974,-0.0420074130728952,True
Faxonius limosus,l_TOP93,Topography,-0.1590909090909091,-0.20454545454545456,0.36363636363636365,False
Faxonius limosus,l_TOP97,Topography,-0.2916666666666667,-0.30434782608695654,-0.13636363636363635,True
Faxonius limosus,l_TOP99,Topography,0.17147533368589057,0.027841277651128406,0.2850321416480395,True
Faxonius limosus,u_CLI11,Climate,0.8544808926324788,0.8163854579340525,1.157773141720752,True
Faxonius limosus,u_CLI15,Climate,-0.9071666046843258,-2.833711448065271,-0.8937783206328853,True
Faxonius limosus,u_CLI19,Climate,-0.681386197266534,-0.8772349666021254,-0.5694372211718022,True
Faxonius limosus,u_CLI23,Climate,0.4967709693290512,0.4681334401893449,0.5682311900361395,True
Faxonius limosus,u_CLI27,Climate,-0.8881235131235126,-2.4519143989832353,-0.8738620789085549,True
Faxonius limosus,u_CLI3,Climate,0.0,0.0,0.0,False
Faxonius limosus,u_CLI31,Climate,-0.7560204221618272,-1.2285304147836908,-0.721398918409151,True
Faxonius limosus,u_CLI35,Climate,0.7480059746079163,0.7225313608271764,0.981091324498714,True
Faxonius limosus,u_CLI43,Climate,0.36362164114957707,0.3300590496948274,0.39528069665561405,True
Faxonius limosus,u_CLI47,Climate,-0.8242213516923517,-1.2768510104493491,-0.7825221154737073,True
Faxonius limosus,u_CLI59,Climate,0.6431955543417601,0.5494046829197674,0.7174487136647115,True
Faxonius limosus,u_CLI63,Climate,-0.7734776832931882,-1.2505619612009404,-0.733476362520995,True
Faxonius limosus,u_CLI67,Climate,-0.8689185223360313,-1.172635021763683,-0.8084064012840106,True
Faxonius limosus,u_CLI7,Climate,-0.8615662061376698,-1.206597632979843,-0.8165947666204454,True
Faxonius limosus,u_CLI71,Climate,-0.7970730328660593,-1.461480283545306,-0.7688131217885878,True
Faxonius limosus,u_CLI75,Climate,-0.69727400647606,-0.7703536879066095,-0.6331341679249974,True
Faxonius limosus,u_TOP103,Topography,-0.04073504543331468,-0.044524343501153224,-0.03654415552331286,True
Faxonius limosus,u_TOP11,Topography,0.0,0.0,8.437301887696211e-07,False
Faxonius limosus,u_TOP110,Topography,0.0,0.0,0.18535640955237603,False
Faxonius limosus,u_TOP111,Topography,0.0,0.0,0.0711888070400999,False
Faxonius limosus,u_TOP112,Topography,0.0,0.0,0.23226757721557997,False
Faxonius limosus,u_TOP113,Topography,0.0,0.0,0.0,False
Faxonius limosus,u_TOP114,Topography,0.56139461868421,0.504172009899442,0.6265505378053147,True
Faxonius limosus,u_TOP117,Topography,0.0,0.0,0.0,False
Faxonius limosus,u_TOP122,Topography,0.0,0.0,0.0,False
Faxonius limosus,u_TOP126,Topography,0.0,0.0,0.0,False
Faxonius limosus,u_TOP135,Topography,-0.04800864851352461,-0.33489454076681846,0.0,False
Faxonius limosus,u_TOP139,Topography,-0.8520576293915754,-0.947860079904855,-0.3461961243918437,True
Faxonius limosus,u_TOP143,Topography,0.0,-0.21846568574390968,0.0,False
Faxonius limosus,u_TOP15,Topography,0.0,0.0,0.07352760106041357,False
Faxonius limosus,u_TOP19,Topography,0.0,0.0,0.03195572647223205,False
Faxonius limosus,u_TOP23,Topography,-0.0001117788420102324,-0.003521306761128586,0.0,False
Faxonius limosus,u_TOP27,Topography,0.0397883134009458,0.0,0.0958164284752915,False
Faxonius limosus,u_TOP31,Topography,0.7505924500820553,0.6447778670698161,0.8314704594169119,True
Faxonius limosus,u_TOP35,Topography,0.05176513544236676,0.0,0.12208057465712792,False
Faxonius limosus,u_TOP39,Topography,-5.713640060384805e-05,-0.00010031515364766011,0.0,False
Faxonius limosus,u_TOP47,Topography,-0.081590721842906,-0.14602444234885437,-0.019230447258966357,True
Faxonius limosus,u_TOP51,Topography,0.0,0.0,0.0,False
Faxonius limosus,u_TOP55,Topography,0.4671165751545504,0.12032415993435772,0.6423545938226146,True
Faxonius limosus,u_TOP59,Topography,0.0,0.0,0.0,False
Faxonius limosus,u_TOP63,Topography,0.0,0.0,0.09553025686557436,False
Faxonius limosus,u_TOP67,Topography,0.0,0.0,0.16929671942612043,False
Faxonius limosus,u_TOP7,Topography,0.0,-0.04516474900470433,0.0,False
Faxonius limosus,u_TOP71,Topography,0.0,0.0,0.0,False
Faxonius limosus,u_TOP79,Topography,-9.484405964193197e-05,-0.00020913875769249999,-1.6712641783724596e-05,True
Faxonius limosus,u_TOP91,Topography,-0.16425784713601715,-0.2631090521795539,-0.009503981304795194,True
Faxonius limosus,u_TOP99,Topography,0.009629158193635025,0.0,0.032056628556190986,False
Pacifastacus leniusculus,l_CLI1,Climate,-0.6250000000000001,-1.0714285714285712,-0.44444444444444464,True
Pacifastacus leniusculus,l_CLI12,Climate,0.011920529801324478,-0.1314708640431693,0.14835763888888884,False
Pacifastacus leniusculus,l_CLI14,Climate,0.40944272445820434,0.3060356599340127,1.439778779888893,True
Pacifastacus leniusculus,l_CLI16,Climate,0.028035320088300196,-0.12580251165109171,0.217523844299836,False
Pacifastacus leniusculus,l_CLI17,Climate,-0.6222222222222223,-0.7878933566433572,-0.45098039215686275,True
Pacifastacus leniusculus,l_CLI20,Climate,-0.04467912266450039,-0.12018201269019825,0.09613056320926529,False
Pacifastacus leniusculus,l_CLI21,Climate,-0.4444444444444444,-1.217391304347826,-0.27139961389961403,True
Pacifastacus leniusculus,l_CLI24,Climate,-0.2820784729586427,-0.3761792452830188,-0.08925029100025425,True
Pacifastacus leniusculus,l_CLI26,Climate,0.07407407407407414,-0.025243548746932454,0.26027397260273966,False
Pacifastacus leniusculus,l_CLI28,Climate,-0.1340000000000001,-0.3379020547945206,0.12204999999999969,False
Pacifastacus leniusculus,l_CLI30,Climate,1.9411764705882355,0.6808510638297876,2.6673076923076904,True
Pacifastacus leniusculus,l_CLI32,Climate,-0.11806167400881053,-0.18364826635717402,-0.021175068541401224,True
Pacifastacus leniusculus,l_CLI33,Climate,-3.9615384615384595,-6.533333333333332,-2.9428151260504203,True
Pacifastacus leniusculus,l_CLI36,Climate,-0.06600000000000002,-0.13421078778770584,0.16108327523498328,False
Pacifastacus leniusculus,l_CLI37,Climate,-0.28000000000000114,-0.3636363636363641,-0.1034482758620692,True
Pacifastacus leniusculus,l_CLI4,Climate,-0.08892355694227769,-0.1422525659824047,0.03410636619478079,False
Pacifastacus leniusculus,l_CLI40,Climate,-0.0252365930599369,-0.06697346017675193,0.16389527484819125,False
Pacifastacus leniusculus,l_CLI44,Climate,-0.305,-0.39288903061224484,-0.16602802198730568,True
Pacifastacus leniusculus,l_CLI45,Climate,-0.49830661548882366,-0.7588471358630785,-0.2886059432528548,True
Pacifastacus leniusculus,l_CLI48,Climate,-0.40956013901170085,-0.5836627856084199,-0.24846310718265077,True
Pacifastacus leniusculus,l_CLI49,Climate,-0.7806122448979593,-1.0322291613382157,-0.48508963779986497,True
Pacifastacus leniusculus,l_CLI52,Climate,-0.4130706075533662,-0.5536665210210859,-0.2744081053722853,True
Pacifastacus leniusculus,l_CLI53,Climate,1.4972677595628414,1.2487742082478928,1.9931338028169001,True
Pacifastacus leniusculus,l_CLI56,Climate,-0.10023980815347729,-0.26110517308189096,0.11635743900041387,False
Pacifastacus leniusculus,l_CLI58,Climate,-1.5273631840796023,-1.8134166666666667,-1.2173768757214314,True
Pacifastacus leniusculus,l_CLI6,Climate,-0.4761904761904763,-0.6216216216216218,-0.2631265664160402,True
Pacifastacus leniusculus,l_CLI60,Climate,-0.28833551769331583,-0.5248317895642721,-0.1968721251149954,True
Pacifastacus leniusculus,l_CLI69,Climate,2.2058823529411757,1.6841350796716565,2.9846201734195796,True
Pacifastacus leniusculus,l_CLI72,Climate,-0.08124583293647017,-0.24734437521952055,0.19822664735968787,False
Pacifastacus leniusculus,l_CLI73,Climate,-0.6867469879518071,-0.9359866218662435,-0.47288821075315207,True
Pacifastacus leniusculus,l_CLI76,Climate,-0.44610933704522504,-0.6007211311538972,-0.26420539191246595,True
Pacifastacus leniusculus,l_CLI8,Climate,0.0,-0.3979328165374677,0.0,False
Pacifastacus leniusculus,l_CLI9,Climate,-0.5666666666666664,-0.7843212669683268,-0.37878787878787873,True
Pacifastacus leniusculus,l_TOP1,Topography,0.33877331420373025,0.11516852002473424,0.5494417039848806,True
Pacifastacus leniusculus,l_TOP10,Topography,-0.19230769230769232,-0.46153846153846156,-0.04540513833992122,True
Pacifastacus leniusculus,l_TOP101,Topography,-0.06666666666666667,-0.2,0.07692307692307693,False
Pacifastacus leniusculus,l_TOP102,Topography,-1.0,-2.0,-0.6666666666666666,True
Pacifastacus leniusculus,l_TOP103,Topography,-0.13926662002828943,-0.3058984435068768,0.057747540079317976,False
Pacifastacus leniusculus,l_TOP104,Topography,0.06392592988375038,-0.023047415181060342,0.21892613059449695,False
Pacifastacus leniusculus,l_TOP105,Topography,0.0,0.0,0.3333333333333333,False
Pacifastacus leniusculus,l_TOP106,Topography,0.25,0.0,0.5,False
Pacifastacus leniusculus,l_TOP107,Topography,0.5,0.5,2.0,True
Pacifastacus leniusculus,l_TOP108,Topography,0.10270270270270271,0.02593192868719611,0.6060606060606061,True
Pacifastacus leniusculus,l_TOP111,Topography,0.1325880147849819,-0.06064004891384776,0.2790999696241698,False
Pacifastacus leniusculus,l_TOP112,Topography,-0.15048320294523673,-0.2986830305355779,0.07735349418419367,False
Pacifastacus leniusculus,l_TOP113,Topography,0.20603666130112194,0.0659275387182115,0.6936777380048875,True
Pacifastacus leniusculus,l_TOP116,Topography,0.28180180180180175,0.08384061378174149,0.545698075045334,True
Pacifastacus leniusculus,l_TOP118,Topography,0.0,0.0,0.0,False
Pacifastacus leniusculus,l_TOP119,Topography,0.04744525547445255,-0.12798602969103484,0.22033898305084745,False
Pacifastacus leniusculus,l_TOP12,Topography,-0.15832443553217526,-0.40600962662744533,-0.08433873369020202,True
Pacifastacus leniusculus,l_TOP124,Topography,-0.11203108193039854,-0.19374291477437897,-0.028153621278370372,True
Pacifastacus leniusculus,l_TOP125,Topography,0.029734339586230417,0.002730129978531446,0.35305906832025963,True
Pacifastacus leniusculus,l_TOP126,Topography,0.034987479759885726,-0.010388288998021425,0.298724183035327,False
Pacifastacus leniusculus,l_TOP127,Topography,0.055362298073896955,-0.020435931202687798,0.33860676455010885,False
Pacifastacus leniusculus,l_TOP128,Topography,-0.11125986037186328,-0.20982309375389507,-0.06679262777342672,True
Pacifastacus leniusculus,l_TOP129,Topography,0.038607691275959886,0.00016674056779630468,0.3457302103668974,True
Pacifastacus leniusculus,l_TOP13,Topography,0.0,0.0,0.0,False
Pacifastacus leniusculus,l_TOP130,Topography,0.032526536127014394,-0.01646854853521613,0.2532357219650445,False
Pacifastacus leniusculus,l_TOP131,Topography,0.0324479567334706,-0.005340265664941262,0.310973025972123,False
Pacifastacus leniusculus,l_TOP132,Topography,0.08840279575459487,7.780494406997275e-05,0.35511150639337946,True
Pacifastacus leniusculus,l_TOP133,Topography,0.0,0.0,0.0,False
Pacifastacus leniusculus,l_TOP134,Topography,0.05766364782758225,0.007940864311838458,0.49668624161073804,True
Pacifastacus leniusculus,l_TOP135,Topography,0.06819634659087526,0.010977099490037067,0.4698562136295812,True
Pacifastacus leniusculus,l_TOP136,Topography,0.05449689421913411,0.009541535681028739,0.5118669427218913,True
Pacifastacus leniusculus,l_TOP137,Topography,0.045454545454545456,-0.034482758620689655,0.27305194805194627,False
Pacifastacus leniusculus,l_TOP138,Topography,0.05201793721973094,-0.0555153927599748,0.2078002821785544,False
Pacifastacus leniusculus,l_TOP139,Topography,0.05980235377088204,-0.12929544558122094,0.195599483566286,False
Pacifastacus leniusculus,l_TOP14,Topography,-0.2100285064539893,-0.3995131829014441,-0.09494511025425911,True
Pacifastacus leniusculus,l_TOP140,Topography,-0.05372525716620976,-0.10720321392681147,0.15533783122251804,False
Pacifastacus leniusculus,l_TOP141,Topography,0.044048495942182964,-0.17717881657595563,0.27814278915915985,False
Pacifastacus leniusculus,l_TOP142,Topography,0.17890246808359067,-0.016567911429630006,0.34888953872561357,False
Pacifastacus leniusculus,l_TOP143,Topography,-0.01810239772582447,-0.2118134275295512,0.24717644947837286,False
Pacifastacus leniusculus,l_TOP144,Topography,0.11355212752087386,-0.06335772391301833,0.259188951284516,False
Pacifastacus leniusculus,l_TOP15,Topography,-0.0942158095825258,-0.22116055627144113,0.0459045145427857,False
Pacifastacus leniusculus,l_TOP16,Topography,-0.3027788375847631,-0.4341772391646439,-0.13885976010320034,True
Pacifastacus leniusculus,l_TOP17,Topography,0.0,0.0,0.0,False
Pacifastacus leniusculus,l_TOP18,Topography,-0.14035087719298245,-0.22535211267605634,-0.017641928864569112,True
Pacifastacus leniusculus,l_TOP19,Topography,-0.06346738222593411,-0.32373077548957896,0.15543406003600146,False
Pacifastacus leniusculus,l_TOP2,Topography,-0.2297666133558069,-0.3496345651412629,-0.10354261572488888,True
Pacifastacus leniusculus,l_TOP20,Topography,-0.13894356524858045,-0.2708456743948999,0.02994504124045125,False
Pacifastacus leniusculus,l_TOP21,Topography,0.0,0.0,0.0,False
Pacifastacus leniusculus,l_TOP23,Topography,0.18096290949665114,0.026230001427523433,0.6333214134963553,True
Pacifastacus leniusculus,l_TOP26,Topography,0.04721030042918455,-0.10903508771929823,0.3059094201705567,False
Pacifastacus leniusculus,l_TOP27,Topography,0.015915259086865814,-0.11197422475270527,0.10878015025900255,False
Pacifastacus leniusculus,l_TOP28,Topography,0.02174123555398243,-0.10265286614544461,0.16113888180823277,False
Pacifastacus leniusculus,l_TOP3,Topography,0.10335975169194958,-0.01424121663785872,0.23940476130876667,False
Pacifastacus leniusculus,l_TOP30,Topography,1.5105062468015684,0.7464749500312657,3.587268855496777,True
Pacifastacus leniusculus,l_TOP32,Topography,0.15629843580677055,-0.018315064373641034,0.3182569717979945,False
Pacifastacus leniusculus,l_TOP35,Topography,0.09860335282231564,-0.05785253146919302,0.3180050703270478,False
Pacifastacus leniusculus,l_TOP38,Topography,0.0990990990990991,0.0392156862745098,0.4898010204081632,True
Pacifastacus leniusculus,l_TOP39,Topography,0.01758237727093486,-0.12780449577716438,0.26608872695866626,False
Pacifastacus leniusculus,l_TOP40,Topography,0.13644573944915425,-0.043316225467541304,0.3224728993180138,False
Pacifastacus leniusculus,l_TOP41,Topography,0.0,0.0,0.0,False
Pacifastacus leniusculus,l_TOP42,Topography,-0.1111111111111111,-0.3181818181818182,0.0,False
Pacifastacus leniusculus,l_TOP43,Topography,-0.07060875436030159,-0.17803454420892992,0.02764374683964766,False
Pacifastacus leniusculus,l_TOP44,Topography,-0.12430712379388217,-0.22384706577498154,-0.008959112292007985,True
Pacifastacus leniusculus,l_TOP45,Topography,0.0,0.0,0.0,False
Pacifastacus leniusculus,l_TOP47,Topography,-0.0035886371326175662,-0.17200786132435997,0.06740701343337596,False
Pacifastacus leniusculus,l_TOP48,Topography,-0.007458002431547158,-0.12980192927350434,0.06544557376742,False
Pacifastacus leniusculus,l_TOP49,Topography,0.0,0.0,0.0,False
Pacifastacus leniusculus,l_TOP51,Topography,0.03582424085978172,-0.08772569351778417,0.15728139824726933,False
Pacifastacus leniusculus,l_TOP52,Topography,-0.08442714422361576,-0.19324532458483817,0.07115371699953167,False
Pacifastacus leniusculus,l_TOP53,Topography,0.4292682926829268,0.20848056537102475,0.7692307692307693,True
Pacifastacus leniusculus,l_TOP59,Topography,-0.016917204655765492,-0.14702154113058383,0.19635220538609138,False
Pacifastacus leniusculus,l_TOP6,Topography,-0.050816212957380695,-0.21349660593626146,0.08455535866146358,False
Pacifastacus leniusculus,l_TOP60,Topography,-0.07575630031041194,-0.2966358210801786,0.042908923413525486,False
Pacifastacus leniusculus,l_TOP61,Topography,0.0,0.0,0.0,False
Pacifastacus leniusculus,l_TOP64,Topography,0.06343282766931586,-0.15064252032999417,0.2671409349751567,False
Pacifastacus leniusculus,l_TOP65,Topography,0.0,-0.1278693575720228,0.0,False
Pacifastacus leniusculus,l_TOP66,Topography,-0.08823061946199388,-0.16713155888944722,0.12270307816131862,False
Pacifastacus leniusculus,l_TOP67,Topography,-0.05097700976649011,-0.21284838809799936,0.13243520401918304,False
Pacifastacus leniusculus,l_TOP68,Topography,-0.045909817645715285,-0.20526072497283218,0.09432172768443982,False
Pacifastacus leniusculus,l_TOP69,Topography,0.0,0.0,0.0,False
Pacifastacus leniusculus,l_TOP70,Topography,0.0018316066624692348,-0.10820730143715648,0.30356293118219835,False
Pacifastacus leniusculus,l_TOP71,Topography,0.06014913057988851,-0.14381806246325926,0.22603994917659057,False
Pacifastacus leniusculus,l_TOP72,Topography,0.04791576083405315,-0.16838271457287907,0.2732243968262845,False
Pacifastacus leniusculus,l_TOP73,Topography,0.0,0.0,0.0,False
Pacifastacus leniusculus,l_TOP74,Topography,-0.034643236845800486,-0.2629107695277118,0.11647870862562809,False
Pacifastacus leniusculus,l_TOP75,Topography,-0.016008400660051856,-0.19029569987103323,0.15874500287108803,False
Pacifastacus leniusculus,l_TOP76,Topography,-0.12998075071672127,-0.25798583956079635,0.10560129807115085,False
Pacifastacus leniusculus,l_TOP78,Topography,0.0,-0.1111111111111111,0.25,False
Pacifastacus leniusculus,l_TOP79,Topography,0.07196363636363637,-0.07222198148228395,0.2922249717254818,False
Pacifastacus leniusculus,l_TOP8,Topography,-0.21352469160873833,-0.42097158333381424,-0.11885731786775373,True
Pacifastacus leniusculus,l_TOP83,Topography,0.0,-0.22318937618569354,0.22594272707917937,False
Pacifastacus leniusculus,l_TOP85,Topography,0.0,0.0,0.0,False
Pacifastacus leniusculus,l_TOP87,Topography,0.06667999999999999,-0.13889113203252546,0.23822848642702546,False
Pacifastacus leniusculus,l_TOP89,Topography,0.0,0.0,0.0,False
Pacifastacus leniusculus,l_TOP9,Topography,0.0,0.0,0.0,False
Pacifastacus leniusculus,l_TOP90,Topography,-0.14285714285714285,-0.2857142857142857,0.16749999999999543,False
Pacifastacus leniusculus,l_TOP91,Topography,-0.051035714285714295,-0.2077342211568417,0.12,False
Pacifastacus leniusculus,l_TOP92,Topography,-0.04892446670542465,-0.2548790208693087,0.134971779369295,False
Pacifastacus leniusculus,l_TOP93,Topography,0.22727272727272727,-0.4215728274173806,0.23255813953488372,False
Pacifastacus leniusculus,l_TOP97,Topography,0.21739130434782608,-0.20454545454545456,0.22727272727272727,False
Pacifastacus leniusculus,l_TOP99,Topography,0.10842264802103384,-0.00550095123634733,0.30946722304766877,False
Pacifastacus leniusculus,u_CLI11,Climate,0.0,-0.38465859973814875,0.0,False
Pacifastacus leniusculus,u_CLI15,Climate,0.0,0.0,0.0,False
Pacifastacus leniusculus,u_CLI19,Climate,-0.37992316764166706,-0.5740425788275456,0.0,False
Pacifastacus leniusculus,u_CLI23,Climate,0.0,0.0,0.0,False
Pacifastacus leniusculus,u_CLI27,Climate,0.0,0.0,0.0,False
Pacifastacus leniusculus,u_CLI3,Climate,0.0,-0.1656308530768422,0.0,False
Pacifastacus leniusculus,u_CLI31,Climate,0.5155971591336864,0.0,0.6110359703657411,False
Pacifastacus leniusculus,u_CLI35,Climate,-0.8052232693882729,-0.8921890045394101,-0.5419241057210465,True
Pacifastacus leniusculus,u_CLI39,Climate,0.0,0.0,0.0,False
Pacifastacus leniusculus,u_CLI47,Climate,0.0,-0.11946870472193942,0.0,False
Pacifastacus leniusculus,u_CLI51,Climate,0.0,-0.4257464030481678,0.0,False
Pacifastacus leniusculus,u_CLI55,Climate,0.5717035777537169,0.0,0.6978041923535669,False
Pacifastacus leniusculus,u_CLI59,Climate,-0.4486556213760911,-0.5984091049817575,-0.25100396511619344,True
Pacifastacus leniusculus,u_CLI7,Climate,0.0,-0.23807610066448812,0.0,False
Pacifastacus leniusculus,u_CLI71,Climate,0.628865199718985,0.0,0.7610421291575556,False
Pacifastacus leniusculus,u_CLI75,Climate,0.0,-0.32436719455612506,0.0,False
Pacifastacus leniusculus,u_TOP103,Topography,0.0,-0.4712794806475473,0.0,False
Pacifastacus leniusculus,u_TOP11,Topography,0.0,-0.23979114777701468,0.0,False
Pacifastacus leniusculus,u_TOP110,Topography,0.0,0.0,0.0,False
Pacifastacus leniusculus,u_TOP111,Topography,0.0,-0.03096235822892805,0.0,False
Pacifastacus leniusculus,u_TOP112,Topography,0.0,0.0,0.0,False
Pacifastacus leniusculus,u_TOP113,Topography,0.0,0.0,0.0,False
Pacifastacus leniusculus,u_TOP114,Topography,0.0,0.0,0.46047962687860267,False
Pacifastacus leniusculus,u_TOP117,Topography,0.0,-0.11399799286572898,0.0,False
Pacifastacus leniusculus,u_TOP119,Topography,0.0,-0.044048734770384214,0.0,False
Pacifastacus leniusculus,u_TOP122,Topography,0.0,0.0,0.0,False
Pacifastacus leniusculus,u_TOP130,Topography,0.0,0.0,0.0,False
Pacifastacus leniusculus,u_TOP135,Topography,0.0,0.0,0.0,False
Pacifastacus leniusculus,u_TOP139,Topography,0.0,-0.16117272099394483,0.0,False
Pacifastacus leniusculus,u_TOP143,Topography,0.0,0.0,0.09920382187131005,False
Pacifastacus leniusculus,u_TOP15,Topography,0.0,-0.1814879695981567,0.0,False
Pacifastacus leniusculus,u_TOP19,Topography,0.0,-0.23233760075865448,0.0,False
Pacifastacus leniusculus,u_TOP23,Topography,0.0,0.0,0.0,False
Pacifastacus leniusculus,u_TOP27,Topography,0.0,0.0,0.0,False
Pacifastacus leniusculus,u_TOP31,Topography,0.0,0.0,0.5572647633297769,False
Pacifastacus leniusculus,u_TOP35,Topography,0.0,0.0,0.0,False
Pacifastacus leniusculus,u_TOP39,Topography,0.0,0.0,0.0,False
Pacifastacus leniusculus,u_TOP47,Topography,0.0,-0.1812353900428283,0.0,False
Pacifastacus leniusculus,u_TOP51,Topography,0.0,-0.08250766284772208,0.0,False
Pacifastacus leniusculus,u_TOP55,Topography,0.0,0.0,0.0,False
Pacifastacus leniusculus,u_TOP59,Topography,0.0,-0.11269221458567957,0.0,False
Pacifastacus leniusculus,u_TOP63,Topography,0.0,-0.017114756191765737,0.0,False
Pacifastacus leniusculus,u_TOP67,Topography,0.0,-0.1425578611246908,0.0,False
Pacifastacus leniusculus,u_TOP7,Topography,0.0,0.0,0.19946909986910002,False
Pacifastacus leniusculus,u_TOP71,Topography,0.0,-0.05893753771583608,0.0,False
Pacifastacus leniusculus,u_TOP83,Topography,0.0,-0.08630394916201668,0.0,False
Pacifastacus leniusculus,u_TOP91,Topography,0.0,-0.08692643200875545,0.0,False
Pacifastacus leniusculus,u_TOP95,Topography,0.0,-0.09119736208644794,0.0,False
Pacifastacus leniusculus,u_TOP99,Topography,0.0,-0.0015289411215804528,0.0,False
Faxonius virilis,l_CLI1,Climate,0.30769230769230776,0.24137931034482732,0.379310344827586,True
Faxonius virilis,l_CLI12,Climate,0.6143187066974596,0.44152374290181884,0.8090670752468502,True
Faxonius virilis,l_CLI14,Climate,-1.5095289464221515,-1.6122207807323594,-1.403356832091603,True
Faxonius virilis,l_CLI16,Climate,0.23900974393836388,0.14120908185055916,0.3628315761244851,True
Faxonius virilis,l_CLI17,Climate,-0.2,-0.26923076923076883,-0.07999999999999971,True
Faxonius virilis,l_CLI20,Climate,0.8392370572207084,0.618510305948156,1.086941093429158,True
Faxonius virilis,l_CLI21,Climate,0.736111111111111,0.6578947368421053,0.8529411764705884,True
Faxonius virilis,l_CLI24,Climate,0.0,0.0,0.0,False
Faxonius virilis,l_CLI26,Climate,-1.0357142857142887,-1.1071428571428588,-0.9285052910052929,True
Faxonius virilis,l_CLI28,Climate,0.537660747091243,0.0,0.7175336959924857,False
Faxonius virilis,l_CLI30,Climate,-0.4545454545454547,-0.8333333333333328,-0.31818181818181795,True
Faxonius virilis,l_CLI32,Climate,0.5010526315789473,0.0,0.8352146717160973,False
Faxonius virilis,l_CLI33,Climate,0.9054054054054054,0.7948717948717949,1.057147406733394,True
Faxonius virilis,l_CLI36,Climate,0.0,0.0,0.0,False
Faxonius virilis,l_CLI38,Climate,-0.04705882352941243,-0.1428571428571414,0.047619047619048345,False
Faxonius virilis,l_CLI4,Climate,0.0,0.0,1.3765546660197316,False
Faxonius virilis,l_CLI40,Climate,0.8160112359550562,0.5772306483569036,1.0876203670651334,True
Faxonius virilis,l_CLI44,Climate,0.0,0.0,0.0,False
Faxonius virilis,l_CLI46,Climate,0.591324200913242,0.44542155222576807,0.7507526512813527,True
Faxonius virilis,l_CLI48,Climate,0.3630346922722218,0.21599977837668932,0.5195644281797005,True
Faxonius virilis,l_CLI5,Climate,0.0,-0.4999999999999978,0.0,False
Faxonius virilis,l_CLI50,Climate,-0.7090620031796496,-0.8237130735229401,-0.5355504855790351,True
Faxonius virilis,l_CLI53,Climate,1.040837696335079,0.9315977154356064,1.158169880229872,True
Faxonius virilis,l_CLI56,Climate,0.4563206577595067,0.2722170988051844,0.6137510839194525,True
Faxonius virilis,l_CLI58,Climate,-0.9820554649265909,-1.0889689031320453,-0.8368035363922179,True
Faxonius virilis,l_CLI60,Climate,0.0,0.0,0.5070785714285715,False
Faxonius virilis,l_CLI62,Climate,-0.6922558922558935,-0.9834230922139294,-0.5212531411626297,True
Faxonius virilis,l_CLI64,Climate,0.282611874817198,0.16901836447790922,0.45177814773705416,True
Faxonius virilis,l_CLI70,Climate,-0.30155979202773003,-0.5803181552572867,-0.13147795422249814,True
Faxonius virilis,l_CLI72,Climate,0.17578719653873892,0.0509492482849216,0.3007179002857261,True
Faxonius virilis,l_CLI73,Climate,1.1310861423220977,0.9824135169170071,1.2866235910400825,True
Faxonius virilis,l_CLI76,Climate,0.7657122276247074,0.5128882646291187,0.994961990084164,True
Faxonius virilis,l_CLI8,Climate,0.0,0.0,0.0,False
Faxonius virilis,l_CLI9,Climate,0.8863636363636364,0.6291081460674157,1.1363636363636367,True
Faxonius virilis,l_TOP1,Topography,-0.6723780096776074,-0.8122119167463464,-0.5583871315084736,True
Faxonius virilis,l_TOP10,Topography,0.875,0.625,1.0,True
Faxonius virilis,l_TOP101,Topography,0.13043478260869565,0.08695652173913043,0.21739130434782608,True
Faxonius virilis,l_TOP102,Topography,0.5,0.5,0.5,True
Faxonius virilis,l_TOP103,Topography,0.03575463191099199,-0.04427861458333363,0.11798414750390436,False
Faxonius virilis,l_TOP104,Topography,-0.04856831348344735,-0.22017619105943279,0.10131351783931708,False
Faxonius virilis,l_TOP105,Topography,0.0,-0.3333333333333333,0.0,False
Faxonius virilis,l_TOP106,Topography,-0.25,-0.25,0.0,False
Faxonius virilis,l_TOP107,Topography,-1.0,-2.0,-0.5,True
Faxonius virilis,l_TOP108,Topography,-0.08931419457735247,-0.12110821913631999,-0.04773058289583222,True
Faxonius virilis,l_TOP109,Topography,-2.8883152641541905,-3.097790877158414,-2.648370888542075,True
Faxonius virilis,l_TOP111,Topography,0.009869674796468825,-0.1051754314299779,0.09323444654804827,False
Faxonius virilis,l_TOP112,Topography,-0.0709126723571897,-0.1513349203317943,0.0025674698952517245,False
Faxonius virilis,l_TOP116,Topography,-0.413422818791946,-0.5188833677416752,-0.2969275740533914,True
Faxonius virilis,l_TOP118,Topography,0.0,0.0,0.0,False
Faxonius virilis,l_TOP124,Topography,0.08966375643019894,0.025345736340932665,0.17509870248867615,True
Faxonius virilis,l_TOP125,Topography,-0.0516272835724482,-0.09200084704902715,-0.0030400619256057606,True
Faxonius virilis,l_TOP126,Topography,-0.045366119807107246,-0.1183835177210914,0.034127399003009554,False
Faxonius virilis,l_TOP127,Topography,-0.06893641972441693,-0.10949002176492294,0.010131188571505667,False
Faxonius virilis,l_TOP129,Topography,-0.07882374867510515,-0.12207636369225025,-0.03972138255189735,True
Faxonius virilis,l_TOP13,Topography,0.0,0.0,0.0,False
Faxonius virilis,l_TOP130,Topography,-0.07631973154954741,-0.13128391910291037,-0.0220850071718166,True
Faxonius virilis,l_TOP131,Topography,-0.06343532510714336,-0.10476958266968388,-0.01614129660845436,True
Faxonius virilis,l_TOP132,Topography,-0.06314189840417865,-0.11771462568552954,-0.010182029783448022,True
Faxonius virilis,l_TOP133,Topography,0.0,0.0,0.0,False
Faxonius virilis,l_TOP135,Topography,-0.022057409781121737,-0.058418827069009006,0.05021902743312326,False
Faxonius virilis,l_TOP137,Topography,0.75,0.5,1.0,True
Faxonius virilis,l_TOP138,Topography,0.3014876033057851,0.1774288102018076,0.43015714789468185,True
Faxonius virilis,l_TOP139,Topography,0.5851952251344178,0.43849832640420366,0.8318900367295087,True
Faxonius virilis,l_TOP14,Topography,0.6642039833394762,0.5686409507144015,0.8163672510862141,True
Faxonius virilis,l_TOP140,Topography,0.30544493130419603,0.18613705320701665,0.4398441801052475,True
Faxonius virilis,l_TOP141,Topography,-0.5825542059948212,-0.6998788697491616,-0.43621764807860297,True
Faxonius virilis,l_TOP142,Topography,-0.21182993266324146,-0.32495195474375965,-0.08883686926515072,True
Faxonius virilis,l_TOP143,Topography,-0.38023505026808085,-0.47195379161146594,-0.30004954078914264,True
Faxonius virilis,l_TOP144,Topography,-0.10715092993885615,-0.2026963363879943,-0.024268130799023898,True
Faxonius virilis,l_TOP15,Topography,0.7668586413843869,0.5934132757592718,0.9735868688850796,True
Faxonius virilis,l_TOP16,Topography,0.6948928490395577,0.5697509873262038,0.8640118412905338,True
Faxonius virilis,l_TOP17,Topography,0.0,0.0,0.0,False
Faxonius virilis,l_TOP18,Topography,0.09009009009009009,0.017699115044247787,0.22340425531914893,True
Faxonius virilis,l_TOP19,Topography,0.2567140066259333,0.15232855176846247,0.3611322838112764,True
Faxonius virilis,l_TOP2,Topography,0.6379767142266839,0.4723140553876284,0.7974593527089727,True
Faxonius virilis,l_TOP20,Topography,0.19693718994126727,0.09236099792608876,0.3150801919400664,True
Faxonius virilis,l_TOP21,Topography,0.0,0.0,0.0,False
Faxonius virilis,l_TOP22,Topography,-0.13759997396405413,-0.18741241852509505,-0.07052128668639349,True
Faxonius virilis,l_TOP23,Topography,-0.11676439838301782,-0.18726597709098963,-0.0539709783532874,True
Faxonius virilis,l_TOP26,Topography,0.07683073229291716,0.02653560534007609,0.20477570738440296,True
Faxonius virilis,l_TOP27,Topography,0.20468715915814106,0.12286407436915447,0.34234839002374334,True
Faxonius virilis,l_TOP28,Topography,0.22194448825898672,0.09998113797005727,0.3168711059711583,True
Faxonius virilis,l_TOP30,Topography,-3.1611763118491845,-3.4143866175151443,-2.8829166965879014,True
Faxonius virilis,l_TOP36,Topography,0.022081685773475492,-0.06664467917389211,0.13561572005410621,False
Faxonius virilis,l_TOP38,Topography,0.08035714285714286,0.01818181818181818,0.3849648859300154,True
Faxonius virilis,l_TOP39,Topography,0.19437280952960323,0.09665438699412238,0.31127454475938804,True
Faxonius virilis,l_TOP4,Topography,0.7268495174066325,0.573826154375218,0.8815460439813811,True
Faxonius virilis,l_TOP40,Topography,0.18054170943036363,0.07831220247030966,0.27860437890362294,True
Faxonius virilis,l_TOP41,Topography,0.0,0.0,0.0,False
Faxonius virilis,l_TOP42,Topography,0.6666666666666666,0.5,0.8888888888888888,True
Faxonius virilis,l_TOP43,Topography,0.8118031132209375,0.6097271096958802,0.9548083100283824,True
Faxonius virilis,l_TOP44,Topography,0.7659561818127769,0.5840398055427939,0.961013927327493,True
Faxonius virilis,l_TOP45,Topography,0.0,0.0,0.0,False
Faxonius virilis,l_TOP48,Topography,1.019038049475066,0.6976673909548149,1.399566219637233,True
Faxonius virilis,l_TOP49,Topography,0.0,0.0,0.0,False
Faxonius virilis,l_TOP51,Topography,0.7231050744215749,0.5576895141851321,0.8823754793706725,True
Faxonius virilis,l_TOP52,Topography,0.7122357421811958,0.5373801204839369,0.8865254513273134,True
Faxonius virilis,l_TOP53,Topography,-0.42473118279569894,-0.5214962003239068,-0.3149784031413614,True
Faxonius virilis,l_TOP59,Topography,0.7241006176230669,0.5423796997143338,0.8995055435649104,True
Faxonius virilis,l_TOP6,Topography,0.5560917709163036,0.39969502483666886,0.8121286288103782,True
Faxonius virilis,l_TOP60,Topography,0.693650936802471,0.5492992456353727,0.906208396581409,True
Faxonius virilis,l_TOP61,Topography,0.0,0.0,0.0,False
Faxonius virilis,l_TOP62,Topography,0.27327380115314304,0.14731318558747986,0.4305130049259455,True
Faxonius virilis,l_TOP63,Topography,0.24772366197755302,0.09694331556300317,0.45912296751697573,True
Faxonius virilis,l_TOP64,Topography,0.2450431209094855,0.02094172374196914,0.40389897115035817,True
Faxonius virilis,l_TOP65,Topography,0.0,0.0,0.0,False
Faxonius virilis,l_TOP66,Topography,0.1670507477322873,0.03037661901882337,0.41165833007305686,True
Faxonius virilis,l_TOP67,Topography,0.12608131418683566,0.008700314815971378,0.2728953256845917,True
Faxonius virilis,l_TOP68,Topography,0.17017441274239226,0.010168739855552382,0.3229367500916763,True
Faxonius virilis,l_TOP69,Topography,0.0,0.0,0.0,False
Faxonius virilis,l_TOP7,Topography,-0.6773959511146112,-0.8193804545107799,-0.5427972720804678,True
Faxonius virilis,l_TOP70,Topography,0.2648514578625365,0.058015633518654165,0.4609140197685437,True
Faxonius virilis,l_TOP72,Topography,0.16752559996327993,0.027376723552652294,0.4782393028626791,True
Faxonius virilis,l_TOP73,Topography,0.0,0.0,0.0,False
Faxonius virilis,l_TOP74,Topography,0.26491764778591514,0.11793807215887306,0.44812046933707333,True
Faxonius virilis,l_TOP75,Topography,0.3015758166930847,0.14546648365965853,0.49310270967619596,True
Faxonius virilis,l_TOP76,Topography,0.18656831911077476,0.029780558164819008,0.46681361694339546,True
Faxonius virilis,l_TOP78,Topography,0.0,0.0,0.0,False
Faxonius virilis,l_TOP79,Topography,0.1041875,-0.11428841612171192,0.26530107142857134,False
Faxonius virilis,l_TOP83,Topography,0.10000000000000002,-0.05437296979482662,0.3077546070815534,False
Faxonius virilis,l_TOP85,Topography,0.0,0.0,0.0,False
Faxonius virilis,l_TOP86,Topography,0.0,0.0,0.5,False
Faxonius virilis,l_TOP87,Topography,0.3400493071495367,0.14908842574466627,0.5600624024960997,True
Faxonius virilis,l_TOP88,Topography,0.08744641763625226,0.039797395079594754,0.34817574904440396,True
Faxonius virilis,l_TOP89,Topography,0.0,0.0,0.0,False
Faxonius virilis,l_TOP9,Topography,0.0,0.0,0.0,False
Faxonius virilis,l_TOP90,Topography,0.0,0.0,0.5,False
Faxonius virilis,l_TOP91,Topography,0.23323533529329413,0.06427249139296853,0.4464388263700832,True
Faxonius virilis,l_TOP92,Topography,0.10387500000000001,0.025119953977025097,0.2205288128136176,True
Faxonius virilis,l_TOP93,Topography,-0.13953488372093023,-0.55,-0.0680397727272735,True
Faxonius virilis,l_TOP97,Topography,0.0,-0.041666666666666664,0.041666666666666664,False
Faxonius virilis,l_TOP99,Topography,-0.0036549498872105826,-0.08211910272828699,0.08934575273393108,False
Faxonius virilis,u_CLI11,Climate,0.3617823162146408,0.24236380497548848,0.47843728781539335,True
Faxonius virilis,u_CLI15,Climate,-1.5916418586977588,-1.7645954223872566,-1.4938961439123257,True
Faxonius virilis,u_CLI19,Climate,0.0,0.0,0.0,False
Faxonius virilis,u_CLI23,Climate,0.7086908880489521,0.42485357558689985,0.8779984937661406,True
Faxonius virilis,u_CLI27,Climate,-0.8717461570727092,-0.9562679078382093,-0.7786550098990751,True
Faxonius virilis,u_CLI3,Climate,0.0,0.0,0.0,False
Faxonius virilis,u_CLI31,Climate,-0.16839766947914236,-0.39449925301871136,0.0,False
Faxonius virilis,u_CLI35,Climate,0.8769588054000088,0.7228951757119377,0.9942102500062282,True
Faxonius virilis,u_CLI39,Climate,0.0,0.0,0.0,False
Faxonius virilis,u_CLI47,Climate,0.5571407865339257,0.23558624829416486,0.9901655288357727,True
Faxonius virilis,u_CLI51,Climate,0.0,-0.012729172519409632,0.0,False
Faxonius virilis,u_CLI55,Climate,1.5415687768927102,1.2476795554028577,1.7677989614884966,True
Faxonius virilis,u_CLI59,Climate,-1.2739423267708716,-1.412354521635677,-1.0717911520003656,True
Faxonius virilis,u_CLI63,Climate,0.0,-0.0015351703033248377,0.0,False
Faxonius virilis,u_CLI7,Climate,0.0,0.0,0.0,False
Faxonius virilis,u_CLI71,Climate,0.0,0.0,0.0,False
Faxonius virilis,u_CLI75,Climate,1.436840977075997,1.2523823775166973,1.6782367578596038,True
Faxonius virilis,u_TOP103,Topography,0.007587644820836608,0.0,0.1746324227796513,False
Faxonius virilis,u_TOP110,Topography,0.0,0.0,0.0,False
Faxonius virilis,u_TOP111,Topography,0.0,0.0,0.12113556418462519,False
Faxonius virilis,u_TOP112,Topography,-0.10556079170593909,-0.25481602460488667,0.0,False
Faxonius virilis,u_TOP113,Topography,0.0,0.0,0.0,False
Faxonius virilis,u_TOP114,Topography,-4.050602060019914,-4.55656349840274,-3.4627940386146276,True
Faxonius virilis,u_TOP117,Topography,1.778483813859383,1.3455122262766392,2.2160595250815374,True
Faxonius virilis,u_TOP122,Topography,0.0,0.0,0.0,False
Faxonius virilis,u_TOP126,Topography,0.0,0.0,0.0,False
Faxonius virilis,u_TOP130,Topography,0.0,0.0,0.0,False
Faxonius virilis,u_TOP135,Topography,0.3309418802233059,0.01746539942656225,0.922802330174654,True
Faxonius virilis,u_TOP139,Topography,3.3591953389612583,2.7680662727379213,3.793291627066267,True
Faxonius virilis,u_TOP143,Topography,-0.012202302966042676,-0.013875307303103287,-0.010955858800979533,True
Faxonius virilis,u_TOP15,Topography,0.0,0.0,0.0,False
Faxonius virilis,u_TOP19,Topography,0.0,0.0,0.0,False
Faxonius virilis,u_TOP27,Topography,0.0,0.0,0.0,False
Faxonius virilis,u_TOP3,Topography,0.0,0.0,0.0,False
Faxonius virilis,u_TOP31,Topography,-4.051806666062073,-4.7915416076734525,-3.667767871574415,True
Faxonius virilis,u_TOP35,Topography,0.0,0.0,0.0,False
Faxonius virilis,u_TOP39,Topography,0.9947349428495624,0.5894781639897319,1.2934035324459807,True
Faxonius virilis,u_TOP47,Topography,4.696540511548389,3.4857893106606377,6.555843388967371,True
Faxonius virilis,u_TOP51,Topography,0.6335278630446122,0.2676757449078624,1.0926854506146648,True
Faxonius virilis,u_TOP55,Topography,0.0,0.0,0.0,False
Faxonius virilis,u_TOP59,Topography,1.0835775563489103,0.7410031967276182,1.3747534253939016,True
Faxonius virilis,u_TOP63,Topography,0.0,0.0,0.0,False
Faxonius virilis,u_TOP67,Topography,0.0,0.0,0.0,False
Faxonius virilis,u_TOP75,Topography,1.5469351059258232,1.260937823522283,2.0278374844888396,True
Faxonius virilis,u_TOP83,Topography,2.8473956387517942,2.187607457402268,4.8108937972116745,True
Faxonius virilis,u_TOP91,Topography,2.0664464612128404,1.5077092076517329,2.6561502075417156,True
Faxonius virilis,u_TOP95,Topography,0.0,0.0,0.0,False
Faxonius rusticus,l_CLI1,Climate,-0.7666666666666669,-0.8666666666666659,-0.6000000000000002,True
Faxonius rusticus,l_CLI12,Climate,0.08324552160168595,-0.33543043704682934,0.5225801915060941,False
Faxonius rusticus,l_CLI14,Climate,1.170515097690944,0.7512207846410671,1.5226604201343032,True
Faxonius rusticus,l_CLI16,Climate,0.11502307297897799,0.02777571031747402,0.2221565393619703,True
Faxonius rusticus,l_CLI17,Climate,-0.08333333333333161,-0.16666666666666619,0.0,False
Faxonius rusticus,l_CLI20,Climate,0.0,0.0,0.537946460894119,False
Faxonius rusticus,l_CLI21,Climate,-1.0555555555555554,-1.176470588235294,-0.9444444444444446,True
Faxonius rusticus,l_CLI24,Climate,0.0,0.0,0.0,False
Faxonius rusticus,l_CLI26,Climate,1.5555555555555642,1.3684210526315896,1.888888888888887,True
Faxonius rusticus,l_CLI28,Climate,0.0,0.0,0.4916794464215874,False
Faxonius rusticus,l_CLI30,Climate,0.40000000000000213,0.18181818181818152,0.6000000000000014,True
Faxonius rusticus,l_CLI32,Climate,0.0,0.0,0.0,False
Faxonius rusticus,l_CLI33,Climate,-1.769230769230769,-2.125135869565217,-1.3846153846153846,True
Faxonius rusticus,l_CLI36,Climate,0.0,0.0,0.0,False
Faxonius rusticus,l_CLI38,Climate,-0.36363636363636187,-0.5454545454545429,-0.3196923076923082,True
Faxonius rusticus,l_CLI4,Climate,0.0,0.0,0.0,False
Faxonius rusticus,l_CLI40,Climate,0.0,0.0,0.15010304659498153,False
Faxonius rusticus,l_CLI44,Climate,0.0,0.0,0.0,False
Faxonius rusticus,l_CLI45,Climate,-0.09559675550405541,-0.2219489573311987,0.04292709999724561,False
Faxonius rusticus,l_CLI49,Climate,-0.22153846153846118,-0.29815076228119675,-0.17033361109457698,True
Faxonius rusticus,l_CLI52,Climate,0.18176723332710626,0.06807859833552977,0.274957920537915,True
Faxonius rusticus,l_CLI57,Climate,-0.9024390243902441,-1.0975609756097566,-0.6750000000000007,True
Faxonius rusticus,l_CLI6,Climate,-0.5,-0.5,-0.5,True
Faxonius rusticus,l_CLI60,Climate,0.0,0.0,0.0,False
Faxonius rusticus,l_CLI62,Climate,-0.22080291970802726,-0.33061306780776917,-0.12855430093884893,True
Faxonius rusticus,l_CLI65,Climate,-0.5730897009966779,-0.7775768535262204,-0.2937881640219114,True
Faxonius rusticus,l_CLI71,Climate,1.0174978352351385,0.8628491371748893,1.156934511562789,True
Faxonius rusticus,l_CLI72,Climate,0.2490412812993458,0.14169460923322139,0.3627456348442126,True
Faxonius rusticus,l_CLI73,Climate,-0.4788069073783365,-0.6535963653754185,-0.2539055973266501,True
Faxonius rusticus,l_CLI8,Climate,0.0,0.0,0.0,False
Faxonius rusticus,l_CLI9,Climate,-1.1071428571428588,-1.30769230769231,-1.0,True
Faxonius rusticus,l_TOP1,Topography,-0.21413777181680263,-0.3068672411631943,-0.12923951167675116,True
Faxonius rusticus,l_TOP10,Topography,0.18181818181818182,0.15384615384615385,0.4,True
Faxonius rusticus,l_TOP101,Topography,-0.045454545454545456,-0.06818181818181818,-0.045454545454545456,True
Faxonius rusticus,l_TOP102,Topography,-1.0,-1.0,-1.0,True
Faxonius rusticus,l_TOP103,Topography,-0.19047857142857186,-0.2599909300595241,-0.07245272344075941,True
Faxonius rusticus,l_TOP104,Topography,0.02082750773799777,-0.1631281360163871,0.12143947583501968,False
Faxonius rusticus,l_TOP105,Topography,0.2857142857142857,0.25,0.3333333333333333,True
Faxonius rusticus,l_TOP106,Topography,0.25,0.0,0.25,False
Faxonius rusticus,l_TOP107,Topography,-0.5,-0.5,-0.5,True
Faxonius rusticus,l_TOP108,Topography,0.24311490978157646,0.13506578947368422,0.3664678822470081,True
Faxonius rusticus,l_TOP109,Topography,-1.9399710703953712,-2.2149797804312934,-1.0330835455883831,True
Faxonius rusticus,l_TOP11,Topography,0.2083414716720705,0.12682740786061572,0.30628718624711443,True
Faxonius rusticus,l_TOP111,Topography,-0.0056322956733356015,-0.0878417112655373,0.08558637460774586,False
Faxonius rusticus,l_TOP112,Topography,-0.12204639063516153,-0.1903552408082161,-0.046668986934147366,True
Faxonius rusticus,l_TOP113,Topography,0.21524814390884314,0.1319266581954033,0.32395926273195574,True
Faxonius rusticus,l_TOP116,Topography,-0.68532704773129,-0.7917318289178128,-0.587881743222814,True
Faxonius rusticus,l_TOP117,Topography,-0.019230769230769204,-0.08422390722569133,0.06977325581395347,False
Faxonius rusticus,l_TOP118,Topography,0.0,0.0,0.0,False
Faxonius rusticus,l_TOP124,Topography,-0.0050177892533369494,-0.040032842191082565,0.040933757156777224,False
Faxonius rusticus,l_TOP125,Topography,0.17415225292205525,0.08993841608848648,0.2984317534838601,True
Faxonius rusticus,l_TOP126,Topography,0.17968926215105577,0.10396593338763535,0.30805160842938717,True
Faxonius rusticus,l_TOP127,Topography,0.07238136941474936,-0.0038542289949098905,0.1789867064209221,False
Faxonius rusticus,l_TOP13,Topography,0.0,0.0,0.0,False
Faxonius rusticus,l_TOP132,Topography,0.2442928819077994,0.13700374577407928,0.3858681417866416,True
Faxonius rusticus,l_TOP133,Topography,0.0,0.0,0.0,False
Faxonius rusticus,l_TOP134,Topography,0.30387515342802035,0.17136566976782672,0.45782711729426934,True
Faxonius rusticus,l_TOP135,Topography,0.30717660459877927,0.18863227257941886,0.48574812028481557,True
Faxonius rusticus,l_TOP136,Topography,0.28358790126345307,0.1748365540583889,0.4889968362638556,True
Faxonius rusticus,l_TOP137,Topography,0.3333333333333333,0.0,0.4,False
Faxonius rusticus,l_TOP138,Topography,0.39015606242497,0.2678183431452961,0.5259842634842634,True
Faxonius rusticus,l_TOP139,Topography,0.3712525503774662,0.26647466424947147,0.5190136099895757,True
Faxonius rusticus,l_TOP14,Topography,0.19838491821640944,0.10824762127064229,0.29393708985018685,True
Faxonius rusticus,l_TOP140,Topography,0.3965737139542778,0.2723859368034255,0.5600163556455775,True
Faxonius rusticus,l_TOP141,Topography,-0.2139495536077175,-0.3278896786047856,-0.1307614365201238,True
Faxonius rusticus,l_TOP142,Topography,0.20221813046530687,0.13088949017994378,0.26961210211771064,True
Faxonius rusticus,l_TOP143,Topography,0.0314211806475898,-0.052531093598371804,0.14947930520719538,False
Faxonius rusticus,l_TOP144,Topography,0.24123897218023926,0.1758571796467488,0.31897030435762586,True
Faxonius rusticus,l_TOP16,Topography,0.22022008125386613,0.14661523639574237,0.3106266006280766,True
Faxonius rusticus,l_TOP17,Topography,0.0,0.0,0.0,False
Faxonius rusticus,l_TOP18,Topography,-0.008695652173913044,-0.02608695652173913,0.0,False
Faxonius rusticus,l_TOP19,Topography,0.16329809697257636,0.0500745282584188,0.2641674241673494,True
Faxonius rusticus,l_TOP2,Topography,0.20190478118294805,0.10331994555246954,0.32477529999328064,True
Faxonius rusticus,l_TOP20,Topography,0.07896346986699819,0.01964845115061552,0.1869512749812995,True
Faxonius rusticus,l_TOP23,Topography,0.26974801428689515,0.1540587617354376,0.35613023120213433,True
Faxonius rusticus,l_TOP24,Topography,0.24700405963797314,0.15206598325747667,0.3505594451950364,True
Faxonius rusticus,l_TOP27,Topography,-0.03851843353220152,-0.13393110475746456,0.036436487446545165,False
Faxonius rusticus,l_TOP30,Topography,-2.2122433538104613,-2.8865953898342713,-1.0212711555839193,True
Faxonius rusticus,l_TOP36,Topography,-0.05239997728001538,-0.12776666163964134,0.03399782092951675,False
Faxonius rusticus,l_TOP38,Topography,-0.05263157894736842,-0.10437070938215103,-0.02631578947368421,True
Faxonius rusticus,l_TOP39,Topography,-0.04503548055521476,-0.1465973811467093,0.05052519488482482,False
Faxonius rusticus,l_TOP40,Topography,-0.061360214878035495,-0.15735929144869062,0.02773337299918993,False
Faxonius rusticus,l_TOP41,Topography,0.0,0.0,0.0,False
Faxonius rusticus,l_TOP42,Topography,0.2857142857142857,0.16,0.38095238095238093,True
Faxonius rusticus,l_TOP43,Topography,0.26274452412312793,0.1745824176355647,0.36419039469253284,True
Faxonius rusticus,l_TOP44,Topography,0.2567213114754099,0.18344121923718856,0.35289320549640185,True
Faxonius rusticus,l_TOP45,Topography,0.0,0.0,0.0,False
Faxonius rusticus,l_TOP47,Topography,0.47630373995996717,0.35101670270058277,0.6740368981306484,True
Faxonius rusticus,l_TOP48,Topography,0.4891748491469452,0.33743333871281733,0.6714361341782125,True
Faxonius rusticus,l_TOP49,Topography,0.0,0.0,0.0,False
Faxonius rusticus,l_TOP51,Topography,0.19581402661783343,0.11141653579017491,0.311088062904048,True
Faxonius rusticus,l_TOP52,Topography,0.24620176164290236,0.15456905355600356,0.34464019201142576,True
Faxonius rusticus,l_TOP59,Topography,0.07856876630637354,-0.004954393322642484,0.21074938343219482,False
Faxonius rusticus,l_TOP6,Topography,0.23024133015428477,0.1473342504950602,0.32610584160121264,True
Faxonius rusticus,l_TOP60,Topography,0.21665041753210965,0.1212749353482344,0.3151962698220543,True
Faxonius rusticus,l_TOP61,Topography,0.0,0.0,0.0,False
Faxonius rusticus,l_TOP62,Topography,-0.011151742270845297,-0.0786091196570649,0.08338814602886496,False
Faxonius rusticus,l_TOP63,Topography,-0.043274774438704824,-0.11541866019489984,0.053429871708199704,False
Faxonius rusticus,l_TOP64,Topography,-0.003361050786325758,-0.08930995718037005,0.09728000951589842,False
Faxonius rusticus,l_TOP65,Topography,0.0,0.0,0.0,False
Faxonius rusticus,l_TOP66,Topography,-0.05980245683930943,-0.1261678725440194,0.02973892736699109,False
Faxonius rusticus,l_TOP68,Topography,-0.04259021799013748,-0.14456501087990573,0.06356970902561095,False
Faxonius rusticus,l_TOP7,Topography,-0.19187680080756211,-0.28945251556943874,-0.10634116519649114,True
Faxonius rusticus,l_TOP70,Topography,0.01942910254347865,-0.08648738976825661,0.15036825970486573,False
Faxonius rusticus,l_TOP72,Topography,-0.00364527827086323,-0.07997515033601664,0.12704631991023588,False
Faxonius rusticus,l_TOP73,Topography,0.0,0.0,0.0,False
Faxonius rusticus,l_TOP74,Topography,0.001257985742828248,-0.07517948607997316,0.11667523524512531,False
Faxonius rusticus,l_TOP75,Topography,-0.0312230530821722,-0.11054337184081042,0.050834405729030835,False
Faxonius rusticus,l_TOP76,Topography,0.010863030992789652,-0.09584415401295074,0.10590547565063088,False
Faxonius rusticus,l_TOP79,Topography,-0.08335000000000001,-0.2679551269709001,0.03617115406643718,False
Faxonius rusticus,l_TOP8,Topography,0.22206465694690197,0.14157344866061236,0.32393161062210396,True
Faxonius rusticus,l_TOP83,Topography,-0.07301109133232916,-0.2277846649421641,0.04544662356927399,False
Faxonius rusticus,l_TOP85,Topography,0.0,0.0,0.0,False
Faxonius rusticus,l_TOP86,Topography,0.0,0.0,0.0,False
Faxonius rusticus,l_TOP87,Topography,-0.022699999999999998,-0.12165965116279072,0.08329999999999999,False
Faxonius rusticus,l_TOP88,Topography,0.0,-0.07554943593251653,0.06433906048174039,False
Faxonius rusticus,l_TOP89,Topography,0.0,0.0,0.0,False
Faxonius rusticus,l_TOP9,Topography,0.0,0.0,0.0,False
Faxonius rusticus,l_TOP90,Topography,0.0,0.0,0.0,False
Faxonius rusticus,l_TOP91,Topography,-0.09996399855994241,-0.17362499999999997,0.0,False
Faxonius rusticus,l_TOP92,Topography,-0.029061102831594684,-0.4303695150115473,0.03153252591752206,False
Faxonius rusticus,l_TOP93,Topography,-0.044444444444444446,-0.5227272727272727,0.4888888888888889,False
Faxonius rusticus,l_TOP97,Topography,-0.041666666666666664,-0.08333333333333333,-0.023255813953488372,True
Faxonius rusticus,l_TOP99,Topography,-0.031022445507945355,-0.11105108780178616,0.03434615119554364,False
Faxonius rusticus,u_CLI11,Climate,-0.5371165799181351,-0.8316027617736321,-0.2743875109479561,True
Faxonius rusticus,u_CLI15,Climate,0.08826191960356367,0.0,0.4137430213617114,False
Faxonius rusticus,u_CLI19,Climate,-0.00022333060373918984,-0.130349123635046,0.0,False
Faxonius rusticus,u_CLI23,Climate,-0.899634610899479,-1.0657958683795425,-0.6877827918614019,True
Faxonius rusticus,u_CLI27,Climate,1.0283255086072052,0.7048733466085836,1.294204529705207,True
Faxonius rusticus,u_CLI3,Climate,-0.5663216783216777,-0.7871915605089523,-0.4473519542752844,True
Faxonius rusticus,u_CLI31,Climate,0.012776506483597629,0.0,0.2853279085679645,False
Faxonius rusticus,u_CLI35,Climate,-1.5103797086132709,-2.330253947800197,-1.0121776067487442,True
Faxonius rusticus,u_CLI39,Climate,-0.26024008730447434,-0.4324826528550937,-0.15574492764808157,True
Faxonius rusticus,u_CLI47,Climate,0.0,0.0,0.0,False
Faxonius rusticus,u_CLI51,Climate,0.0,-0.048132378728175405,0.0,False
Faxonius rusticus,u_CLI59,Climate,0.0,-0.8809149001848159,0.0,False
Faxonius rusticus,u_CLI63,Climate,0.0,-0.03998141617066242,0.0,False
Faxonius rusticus,u_CLI67,Climate,0.0,0.0,0.0,False
Faxonius rusticus,u_CLI7,Climate,-0.2235812133072414,-0.4796342943289559,0.0,False
Faxonius rusticus,u_CLI71,Climate,0.911827391402363,0.658068301120528,1.1359487682758425,True
Faxonius rusticus,u_CLI75,Climate,0.0,0.0,0.0,False
Faxonius rusticus,u_TOP103,Topography,0.0,-0.1484517087169386,0.0,False
Faxonius rusticus,u_TOP110,Topography,-0.13166495766097341,-0.24120805566174167,-0.04699419068057952,True
Faxonius rusticus,u_TOP111,Topography,-0.05360193696479345,-0.15131356196354995,0.0,False
Faxonius rusticus,u_TOP112,Topography,-0.13825757575757325,-0.31591497812572295,0.0,False
Faxonius rusticus,u_TOP113,Topography,0.0,0.0,0.03909046973710108,False
Faxonius rusticus,u_TOP114,Topography,-0.37107688339043127,-1.7560628402293745,-0.24087046292489164,True
Faxonius rusticus,u_TOP117,Topography,0.06646090044569446,0.0,0.4211087694789479,False
Faxonius rusticus,u_TOP122,Topography,-0.4387191578609894,-0.6848099276196761,-0.3245847352741101,True
Faxonius rusticus,u_TOP130,Topography,0.0,0.0,0.017230846222121503,False
Faxonius rusticus,u_TOP135,Topography,0.5384310366224638,0.14940314784960332,1.154892751191455,True
Faxonius rusticus,u_TOP139,Topography,0.3656884139253157,0.07629516183860693,0.8244374495778192,True
Faxonius rusticus,u_TOP143,Topography,-0.05068254674128999,-0.05706256636306665,0.0,False
Faxonius rusticus,u_TOP15,Topography,0.0,0.0,0.0,False
Faxonius rusticus,u_TOP19,Topography,0.0,0.0,0.0,False
Faxonius rusticus,u_TOP27,Topography,0.0,0.0,0.05403759243085627,False
Faxonius rusticus,u_TOP3,Topography,0.0,0.0,0.0,False
Faxonius rusticus,u_TOP31,Topography,-0.4361569571168266,-2.894849219812588,-0.24484280650582027,True
Faxonius rusticus,u_TOP35,Topography,-0.09192532892470788,-0.20205012651064838,0.0,False
Faxonius rusticus,u_TOP39,Topography,0.7996231306560438,0.48884618373085514,1.3988156944860488,True
Faxonius rusticus,u_TOP47,Topography,0.3581385154880187,0.0,1.068555277705624,False
Faxonius rusticus,u_TOP51,Topography,0.0832021233523774,0.0,0.22316658214864132,False
Faxonius rusticus,u_TOP55,Topography,-1.0837520493299426,-1.444333117394812,-0.7577325117134134,True
Faxonius rusticus,u_TOP59,Topography,0.0527522173869712,0.0,0.24062814684269987,False
Faxonius rusticus,u_TOP63,Topography,0.0,-0.0702846377165207,0.0,False
Faxonius rusticus,u_TOP67,Topography,0.0,-0.017294438572525304,0.0,False
Faxonius rusticus,u_TOP75,Topography,0.11959023775937988,0.0,0.44004829142420127,False
Faxonius rusticus,u_TOP83,Topography,0.1665100301390285,0.0,0.7544581537500549,False
Faxonius rusticus,u_TOP91,Topography,0.1225329815303431,0.0,0.5738952595329604,False
Faxonius rusticus,u_TOP95,Topography,-0.22403269299107656,-0.31573826723191245,-0.15386228307783634,True
